mean_fit_time,std_fit_time,mean_score_time,std_score_time,param_nn__activation,param_nn__alpha,param_nn__batch_size,param_nn__hidden_layer_sizes,param_nn__learning_rate_init,param_nn__max_iter,param_nn__solver,params,split0_test_score,split1_test_score,split2_test_score,split3_test_score,split4_test_score,mean_test_score,std_test_score,rank_test_score
1720.8604314804077,162.1818010936365,0.9694978713989257,0.31044947269089657,relu,0.0002,35,"(160, 120, 60)",0.0005,650,adam,"{'nn__activation': 'relu', 'nn__alpha': 0.0002, 'nn__batch_size': 35, 'nn__hidden_layer_sizes': (160, 120, 60), 'nn__learning_rate_init': 0.0005, 'nn__max_iter': 650, 'nn__solver': 'adam'}",-1568.528219832393,-1570.425776624779,-1573.931406768226,-1543.3740101042836,-1548.3692656054957,-1560.9257357870356,12.513385114445754,1
1710.6433259487153,158.29294359713654,1.1913134574890136,0.5089365214734537,relu,0.0002,35,"(160, 120, 60)",0.0005,500,adam,"{'nn__activation': 'relu', 'nn__alpha': 0.0002, 'nn__batch_size': 35, 'nn__hidden_layer_sizes': (160, 120, 60), 'nn__learning_rate_init': 0.0005, 'nn__max_iter': 500, 'nn__solver': 'adam'}",-1568.528219832393,-1570.425776624779,-1573.931406768226,-1543.3740101042836,-1548.3692656054957,-1560.9257357870356,12.513385114445754,1
983.007745218277,241.34673791103194,0.7820475101470947,0.04077619178103722,relu,5e-05,32,"(160, 120, 60)",0.002,650,adam,"{'nn__activation': 'relu', 'nn__alpha': 5e-05, 'nn__batch_size': 32, 'nn__hidden_layer_sizes': (160, 120, 60), 'nn__learning_rate_init': 0.002, 'nn__max_iter': 650, 'nn__solver': 'adam'}",-1557.752884883678,-1586.4650428377686,-1563.2304982272678,-1572.9392943758717,-1527.2217717473359,-1561.5218984143844,19.72886641425702,3
1025.7409015655517,273.93066776426264,0.7986226558685303,0.05251265570147131,relu,5e-05,32,"(160, 120, 60)",0.002,500,adam,"{'nn__activation': 'relu', 'nn__alpha': 5e-05, 'nn__batch_size': 32, 'nn__hidden_layer_sizes': (160, 120, 60), 'nn__learning_rate_init': 0.002, 'nn__max_iter': 500, 'nn__solver': 'adam'}",-1557.752884883678,-1586.4650428377686,-1563.2304982272678,-1572.9392943758717,-1527.2217717473359,-1561.5218984143844,19.72886641425702,3
1192.0423148632049,147.6712618529997,1.083340311050415,0.2957317052766273,relu,0.0002,32,"(160, 120, 60)",0.001,650,adam,"{'nn__activation': 'relu', 'nn__alpha': 0.0002, 'nn__batch_size': 32, 'nn__hidden_layer_sizes': (160, 120, 60), 'nn__learning_rate_init': 0.001, 'nn__max_iter': 650, 'nn__solver': 'adam'}",-1547.5395774537647,-1593.0384985482003,-1562.4764957364591,-1543.3455574815612,-1574.492630281485,-1564.1785519002942,18.182644778147143,5
1193.50341629982,156.7982747167788,0.8578531742095947,0.09509080269822137,relu,0.0002,32,"(160, 120, 60)",0.001,500,adam,"{'nn__activation': 'relu', 'nn__alpha': 0.0002, 'nn__batch_size': 32, 'nn__hidden_layer_sizes': (160, 120, 60), 'nn__learning_rate_init': 0.001, 'nn__max_iter': 500, 'nn__solver': 'adam'}",-1547.5395774537647,-1593.0384985482003,-1562.4764957364591,-1543.3455574815612,-1574.492630281485,-1564.1785519002942,18.182644778147143,5
1236.1083597660065,132.88641036646237,1.0075981616973877,0.119453999367471,relu,5e-05,35,"(160, 120, 60)",0.001,500,adam,"{'nn__activation': 'relu', 'nn__alpha': 5e-05, 'nn__batch_size': 35, 'nn__hidden_layer_sizes': (160, 120, 60), 'nn__learning_rate_init': 0.001, 'nn__max_iter': 500, 'nn__solver': 'adam'}",-1557.3830045054135,-1560.9138828266712,-1581.1656518867314,-1553.8673647609137,-1573.259662522626,-1565.3179133004712,10.273222696533399,7
1216.1927203178407,142.44318336069637,0.789960527420044,0.10377417110573581,relu,5e-05,35,"(160, 120, 60)",0.001,650,adam,"{'nn__activation': 'relu', 'nn__alpha': 5e-05, 'nn__batch_size': 35, 'nn__hidden_layer_sizes': (160, 120, 60), 'nn__learning_rate_init': 0.001, 'nn__max_iter': 650, 'nn__solver': 'adam'}",-1557.3830045054135,-1560.9138828266712,-1581.1656518867314,-1553.8673647609137,-1573.259662522626,-1565.3179133004712,10.273222696533399,7
1512.2676484584808,227.13818494773534,1.0011502265930177,0.08684892119305322,relu,5e-05,35,"(160, 120, 60)",0.0005,500,adam,"{'nn__activation': 'relu', 'nn__alpha': 5e-05, 'nn__batch_size': 35, 'nn__hidden_layer_sizes': (160, 120, 60), 'nn__learning_rate_init': 0.0005, 'nn__max_iter': 500, 'nn__solver': 'adam'}",-1555.0253228109318,-1565.2333488561258,-1617.0198533859418,-1525.3157693169148,-1570.8231833599837,-1566.6834955459797,29.665436541858934,9
1521.111841917038,228.64310998890736,0.9832217693328857,0.06419508707575686,relu,5e-05,35,"(160, 120, 60)",0.0005,650,adam,"{'nn__activation': 'relu', 'nn__alpha': 5e-05, 'nn__batch_size': 35, 'nn__hidden_layer_sizes': (160, 120, 60), 'nn__learning_rate_init': 0.0005, 'nn__max_iter': 650, 'nn__solver': 'adam'}",-1555.0253228109318,-1565.2333488561258,-1617.0198533859418,-1525.3157693169148,-1570.8231833599837,-1566.6834955459797,29.665436541858934,9
1816.9020970344543,236.8228975316997,1.140662956237793,0.1463457217633469,relu,5e-05,32,"(160, 120, 60)",0.0005,500,adam,"{'nn__activation': 'relu', 'nn__alpha': 5e-05, 'nn__batch_size': 32, 'nn__hidden_layer_sizes': (160, 120, 60), 'nn__learning_rate_init': 0.0005, 'nn__max_iter': 500, 'nn__solver': 'adam'}",-1593.7093853110673,-1579.226439776688,-1563.0072652031156,-1562.7917632915455,-1546.749461199329,-1569.096862956349,16.028901591123493,11
1805.3842372894287,262.814565671979,1.0430397033691405,0.2370893566338181,relu,5e-05,32,"(160, 120, 60)",0.0005,650,adam,"{'nn__activation': 'relu', 'nn__alpha': 5e-05, 'nn__batch_size': 32, 'nn__hidden_layer_sizes': (160, 120, 60), 'nn__learning_rate_init': 0.0005, 'nn__max_iter': 650, 'nn__solver': 'adam'}",-1593.7093853110673,-1579.226439776688,-1563.0072652031156,-1562.7917632915455,-1546.749461199329,-1569.096862956349,16.028901591123493,11
946.9853131294251,163.585393499203,0.8783915042877197,0.120986632020517,relu,5e-05,35,"(150, 100, 50)",0.001,500,adam,"{'nn__activation': 'relu', 'nn__alpha': 5e-05, 'nn__batch_size': 35, 'nn__hidden_layer_sizes': (150, 100, 50), 'nn__learning_rate_init': 0.001, 'nn__max_iter': 500, 'nn__solver': 'adam'}",-1562.1608015397817,-1563.5801232418519,-1612.1016438434633,-1551.7559018919374,-1572.744700862478,-1572.4686342759026,20.905147629570244,13
934.2257983207703,166.7525154581644,0.9114600658416748,0.14644497403314138,relu,5e-05,35,"(150, 100, 50)",0.001,650,adam,"{'nn__activation': 'relu', 'nn__alpha': 5e-05, 'nn__batch_size': 35, 'nn__hidden_layer_sizes': (150, 100, 50), 'nn__learning_rate_init': 0.001, 'nn__max_iter': 650, 'nn__solver': 'adam'}",-1562.1608015397817,-1563.5801232418519,-1612.1016438434633,-1551.7559018919374,-1572.744700862478,-1572.4686342759026,20.905147629570244,13
1108.831779050827,244.4419061454316,0.8833139896392822,0.11318645377377141,relu,5e-05,32,"(160, 120, 60)",0.001,500,adam,"{'nn__activation': 'relu', 'nn__alpha': 5e-05, 'nn__batch_size': 32, 'nn__hidden_layer_sizes': (160, 120, 60), 'nn__learning_rate_init': 0.001, 'nn__max_iter': 500, 'nn__solver': 'adam'}",-1594.0924105974443,-1592.5450393137114,-1563.56205057328,-1532.4825702453493,-1584.3134961229775,-1573.3991133705524,23.172544474019013,15
1103.9479789733887,229.80622846062943,0.8820603847503662,0.07849837296548762,relu,5e-05,32,"(160, 120, 60)",0.001,650,adam,"{'nn__activation': 'relu', 'nn__alpha': 5e-05, 'nn__batch_size': 32, 'nn__hidden_layer_sizes': (160, 120, 60), 'nn__learning_rate_init': 0.001, 'nn__max_iter': 650, 'nn__solver': 'adam'}",-1594.0924105974443,-1592.5450393137114,-1563.56205057328,-1532.4825702453493,-1584.3134961229775,-1573.3991133705524,23.172544474019013,15
1097.4723701953887,244.28381159260158,0.9407669544219971,0.07638550189370223,relu,0.0001,32,"(160, 120, 60)",0.001,500,adam,"{'nn__activation': 'relu', 'nn__alpha': 0.0001, 'nn__batch_size': 32, 'nn__hidden_layer_sizes': (160, 120, 60), 'nn__learning_rate_init': 0.001, 'nn__max_iter': 500, 'nn__solver': 'adam'}",-1569.8813262720475,-1550.8644466703556,-1554.8472834656372,-1589.0108372230502,-1602.9682021499855,-1573.5144191562154,19.911538754962542,17
1102.4942511081695,240.04680942608442,1.450754451751709,0.45142694199217936,relu,0.0001,32,"(160, 120, 60)",0.001,650,adam,"{'nn__activation': 'relu', 'nn__alpha': 0.0001, 'nn__batch_size': 32, 'nn__hidden_layer_sizes': (160, 120, 60), 'nn__learning_rate_init': 0.001, 'nn__max_iter': 650, 'nn__solver': 'adam'}",-1569.8813262720475,-1550.8644466703556,-1554.8472834656372,-1589.0108372230502,-1602.9682021499855,-1573.5144191562154,19.911538754962542,17
641.4740630149842,82.94971948805025,0.7729942321777343,0.03262523334625909,relu,5e-05,35,"(160, 120, 60)",0.002,650,adam,"{'nn__activation': 'relu', 'nn__alpha': 5e-05, 'nn__batch_size': 35, 'nn__hidden_layer_sizes': (160, 120, 60), 'nn__learning_rate_init': 0.002, 'nn__max_iter': 650, 'nn__solver': 'adam'}",-1537.7524169894243,-1597.6631152468476,-1596.191826875143,-1589.9420782690647,-1552.1111789152515,-1574.7321232591464,24.88733735470588,19
654.5568057537079,88.4853204217352,0.7449548721313477,0.04215230833405036,relu,5e-05,35,"(160, 120, 60)",0.002,500,adam,"{'nn__activation': 'relu', 'nn__alpha': 5e-05, 'nn__batch_size': 35, 'nn__hidden_layer_sizes': (160, 120, 60), 'nn__learning_rate_init': 0.002, 'nn__max_iter': 500, 'nn__solver': 'adam'}",-1537.7524169894243,-1597.6631152468476,-1596.191826875143,-1589.9420782690647,-1552.1111789152515,-1574.7321232591464,24.88733735470588,19
959.7830022335053,236.84647060058106,1.03450665473938,0.33663859101732213,relu,0.0002,35,"(150, 100, 50)",0.001,500,adam,"{'nn__activation': 'relu', 'nn__alpha': 0.0002, 'nn__batch_size': 35, 'nn__hidden_layer_sizes': (150, 100, 50), 'nn__learning_rate_init': 0.001, 'nn__max_iter': 500, 'nn__solver': 'adam'}",-1538.4103808425598,-1566.631231483394,-1607.9096326548909,-1586.884459018503,-1583.3648460381942,-1576.6401100075084,23.193281998339245,21
963.3962010383606,242.51361159591818,0.8560193061828614,0.08248312417891702,relu,0.0002,35,"(150, 100, 50)",0.001,650,adam,"{'nn__activation': 'relu', 'nn__alpha': 0.0002, 'nn__batch_size': 35, 'nn__hidden_layer_sizes': (150, 100, 50), 'nn__learning_rate_init': 0.001, 'nn__max_iter': 650, 'nn__solver': 'adam'}",-1538.4103808425598,-1566.631231483394,-1607.9096326548909,-1586.884459018503,-1583.3648460381942,-1576.6401100075084,23.193281998339245,21
1560.7721107959746,395.1781866520399,1.4242465496063232,0.5715667820776487,relu,0.0001,32,"(160, 120, 60)",0.0005,650,adam,"{'nn__activation': 'relu', 'nn__alpha': 0.0001, 'nn__batch_size': 32, 'nn__hidden_layer_sizes': (160, 120, 60), 'nn__learning_rate_init': 0.0005, 'nn__max_iter': 650, 'nn__solver': 'adam'}",-1608.0958658650457,-1563.5279452294424,-1607.0071342767058,-1551.505513876035,-1556.536160927879,-1577.3345240350216,24.968200743276398,23
1540.5318430423736,394.0915484826459,0.9410498142242432,0.07174445293588491,relu,0.0001,32,"(160, 120, 60)",0.0005,500,adam,"{'nn__activation': 'relu', 'nn__alpha': 0.0001, 'nn__batch_size': 32, 'nn__hidden_layer_sizes': (160, 120, 60), 'nn__learning_rate_init': 0.0005, 'nn__max_iter': 500, 'nn__solver': 'adam'}",-1608.0958658650457,-1563.5279452294424,-1607.0071342767058,-1551.505513876035,-1556.536160927879,-1577.3345240350216,24.968200743276398,23
660.9607640266419,114.38648430198148,0.7990186214447021,0.09122628569955,relu,0.0001,32,"(150, 100, 50)",0.002,500,adam,"{'nn__activation': 'relu', 'nn__alpha': 0.0001, 'nn__batch_size': 32, 'nn__hidden_layer_sizes': (150, 100, 50), 'nn__learning_rate_init': 0.002, 'nn__max_iter': 500, 'nn__solver': 'adam'}",-1585.3239427071323,-1592.9097294143228,-1576.5545675719281,-1542.8423507303185,-1591.5444141718413,-1577.8350009191086,18.425008965179035,25
669.4594160079956,125.38608363871552,0.7603981494903564,0.07761371708035106,relu,0.0001,32,"(150, 100, 50)",0.002,650,adam,"{'nn__activation': 'relu', 'nn__alpha': 0.0001, 'nn__batch_size': 32, 'nn__hidden_layer_sizes': (150, 100, 50), 'nn__learning_rate_init': 0.002, 'nn__max_iter': 650, 'nn__solver': 'adam'}",-1585.3239427071323,-1592.9097294143228,-1576.5545675719281,-1542.8423507303185,-1591.5444141718413,-1577.8350009191086,18.425008965179035,25
833.2295488357544,137.97473681478706,1.1119704246520996,0.38704055798181936,relu,0.0001,32,"(160, 120, 60)",0.002,500,adam,"{'nn__activation': 'relu', 'nn__alpha': 0.0001, 'nn__batch_size': 32, 'nn__hidden_layer_sizes': (160, 120, 60), 'nn__learning_rate_init': 0.002, 'nn__max_iter': 500, 'nn__solver': 'adam'}",-1552.9420932878286,-1598.134853464223,-1602.8400619183303,-1550.874902234884,-1585.7431468564919,-1578.1070115523514,22.117909863161636,27
814.3650630950928,133.90707904472765,1.0434555053710937,0.3576888575409223,relu,0.0001,32,"(160, 120, 60)",0.002,650,adam,"{'nn__activation': 'relu', 'nn__alpha': 0.0001, 'nn__batch_size': 32, 'nn__hidden_layer_sizes': (160, 120, 60), 'nn__learning_rate_init': 0.002, 'nn__max_iter': 650, 'nn__solver': 'adam'}",-1552.9420932878286,-1598.134853464223,-1602.8400619183303,-1550.874902234884,-1585.7431468564919,-1578.1070115523514,22.117909863161636,27
1509.7947939872743,123.16025885223499,0.8513481140136718,0.18029292549809112,relu,0.0002,32,"(160, 120, 60)",0.0005,650,adam,"{'nn__activation': 'relu', 'nn__alpha': 0.0002, 'nn__batch_size': 32, 'nn__hidden_layer_sizes': (160, 120, 60), 'nn__learning_rate_init': 0.0005, 'nn__max_iter': 650, 'nn__solver': 'adam'}",-1590.1178469386393,-1582.7421765875595,-1615.7123501142194,-1529.0358738464472,-1574.1675884505078,-1578.3551671874745,28.295208477633704,29
1494.5716319084167,122.74898730793825,0.8075422286987305,0.07966714841325921,relu,0.0002,32,"(160, 120, 60)",0.0005,500,adam,"{'nn__activation': 'relu', 'nn__alpha': 0.0002, 'nn__batch_size': 32, 'nn__hidden_layer_sizes': (160, 120, 60), 'nn__learning_rate_init': 0.0005, 'nn__max_iter': 500, 'nn__solver': 'adam'}",-1590.1178469386393,-1582.7421765875595,-1615.7123501142194,-1529.0358738464472,-1574.1675884505078,-1578.3551671874745,28.295208477633704,29
1041.3038946151732,147.19611204594642,1.203144121170044,0.4250087927493352,relu,0.0002,35,"(160, 120, 60)",0.001,500,adam,"{'nn__activation': 'relu', 'nn__alpha': 0.0002, 'nn__batch_size': 35, 'nn__hidden_layer_sizes': (160, 120, 60), 'nn__learning_rate_init': 0.001, 'nn__max_iter': 500, 'nn__solver': 'adam'}",-1573.7525596852722,-1593.8939292290265,-1590.019312697078,-1541.1192458194755,-1595.208327087591,-1578.7986749036886,20.338381230292157,31
1044.038615179062,146.90944908933562,1.0127131462097168,0.31587266128615976,relu,0.0002,35,"(160, 120, 60)",0.001,650,adam,"{'nn__activation': 'relu', 'nn__alpha': 0.0002, 'nn__batch_size': 35, 'nn__hidden_layer_sizes': (160, 120, 60), 'nn__learning_rate_init': 0.001, 'nn__max_iter': 650, 'nn__solver': 'adam'}",-1573.7525596852722,-1593.8939292290265,-1590.019312697078,-1541.1192458194755,-1595.208327087591,-1578.7986749036886,20.338381230292157,31
688.5681725978851,122.01678958400304,0.7550440788269043,0.049906632142664886,relu,5e-05,35,"(150, 100, 50)",0.002,650,adam,"{'nn__activation': 'relu', 'nn__alpha': 5e-05, 'nn__batch_size': 35, 'nn__hidden_layer_sizes': (150, 100, 50), 'nn__learning_rate_init': 0.002, 'nn__max_iter': 650, 'nn__solver': 'adam'}",-1578.2450072645497,-1569.9893799215529,-1601.2199357112365,-1583.1648791669747,-1565.577080335377,-1579.6392564799382,12.41744400271559,33
672.6049406051636,115.57891001535667,0.7961360454559326,0.03330247651784352,relu,5e-05,35,"(150, 100, 50)",0.002,500,adam,"{'nn__activation': 'relu', 'nn__alpha': 5e-05, 'nn__batch_size': 35, 'nn__hidden_layer_sizes': (150, 100, 50), 'nn__learning_rate_init': 0.002, 'nn__max_iter': 500, 'nn__solver': 'adam'}",-1578.2450072645497,-1569.9893799215529,-1601.2199357112365,-1583.1648791669747,-1565.577080335377,-1579.6392564799382,12.41744400271559,33
812.4813148021698,155.19182691188018,0.8194061756134033,0.06751453439610508,relu,0.0002,32,"(160, 120, 60)",0.002,650,adam,"{'nn__activation': 'relu', 'nn__alpha': 0.0002, 'nn__batch_size': 32, 'nn__hidden_layer_sizes': (160, 120, 60), 'nn__learning_rate_init': 0.002, 'nn__max_iter': 650, 'nn__solver': 'adam'}",-1554.510514893429,-1565.428913590633,-1602.2974745970753,-1593.6899538580803,-1584.4770427594815,-1580.0807799397396,17.701038981188827,35
829.6488160610199,157.35225606221329,0.8102001667022705,0.04910974938233312,relu,0.0002,32,"(160, 120, 60)",0.002,500,adam,"{'nn__activation': 'relu', 'nn__alpha': 0.0002, 'nn__batch_size': 32, 'nn__hidden_layer_sizes': (160, 120, 60), 'nn__learning_rate_init': 0.002, 'nn__max_iter': 500, 'nn__solver': 'adam'}",-1554.510514893429,-1565.428913590633,-1602.2974745970753,-1593.6899538580803,-1584.4770427594815,-1580.0807799397396,17.701038981188827,35
1335.2249006271363,260.98352898492385,0.7892290592193604,0.04419425723455615,relu,0.0001,35,"(160, 120, 60)",0.0005,500,adam,"{'nn__activation': 'relu', 'nn__alpha': 0.0001, 'nn__batch_size': 35, 'nn__hidden_layer_sizes': (160, 120, 60), 'nn__learning_rate_init': 0.0005, 'nn__max_iter': 500, 'nn__solver': 'adam'}",-1618.4390832177007,-1561.7000479881667,-1603.5746147947145,-1576.2578319638906,-1545.0933060786022,-1581.012976808615,26.81627982040227,37
1347.480403280258,248.0499785672314,0.8455451965332031,0.07632705827570152,relu,0.0001,35,"(160, 120, 60)",0.0005,650,adam,"{'nn__activation': 'relu', 'nn__alpha': 0.0001, 'nn__batch_size': 35, 'nn__hidden_layer_sizes': (160, 120, 60), 'nn__learning_rate_init': 0.0005, 'nn__max_iter': 650, 'nn__solver': 'adam'}",-1618.4390832177007,-1561.7000479881667,-1603.5746147947145,-1576.2578319638906,-1545.0933060786022,-1581.012976808615,26.81627982040227,37
575.5593332290649,32.219953386215685,0.6731249809265136,0.04174024310612247,relu,0.0001,35,"(150, 100, 50)",0.002,500,adam,"{'nn__activation': 'relu', 'nn__alpha': 0.0001, 'nn__batch_size': 35, 'nn__hidden_layer_sizes': (150, 100, 50), 'nn__learning_rate_init': 0.002, 'nn__max_iter': 500, 'nn__solver': 'adam'}",-1566.1844981308618,-1585.6881275815763,-1620.0941555781114,-1565.9832879548796,-1570.5789042877716,-1581.70579470664,20.500930622149994,39
584.3460901260376,32.485095348497445,0.922089672088623,0.3348823601752925,relu,0.0001,35,"(150, 100, 50)",0.002,650,adam,"{'nn__activation': 'relu', 'nn__alpha': 0.0001, 'nn__batch_size': 35, 'nn__hidden_layer_sizes': (150, 100, 50), 'nn__learning_rate_init': 0.002, 'nn__max_iter': 650, 'nn__solver': 'adam'}",-1566.1844981308618,-1585.6881275815763,-1620.0941555781114,-1565.9832879548796,-1570.5789042877716,-1581.70579470664,20.500930622149994,39
728.4199577331543,132.41540870359128,0.8598593235015869,0.06201143844521458,relu,0.0001,35,"(160, 120, 60)",0.002,650,adam,"{'nn__activation': 'relu', 'nn__alpha': 0.0001, 'nn__batch_size': 35, 'nn__hidden_layer_sizes': (160, 120, 60), 'nn__learning_rate_init': 0.002, 'nn__max_iter': 650, 'nn__solver': 'adam'}",-1557.1951804646155,-1593.1692405455055,-1605.8204215829617,-1590.6250196752605,-1582.8664877431133,-1585.9352700022914,16.15644457415869,41
737.8781113147736,131.1241590047638,0.8617490291595459,0.04258434551424761,relu,0.0001,35,"(160, 120, 60)",0.002,500,adam,"{'nn__activation': 'relu', 'nn__alpha': 0.0001, 'nn__batch_size': 35, 'nn__hidden_layer_sizes': (160, 120, 60), 'nn__learning_rate_init': 0.002, 'nn__max_iter': 500, 'nn__solver': 'adam'}",-1557.1951804646155,-1593.1692405455055,-1605.8204215829617,-1590.6250196752605,-1582.8664877431133,-1585.9352700022914,16.15644457415869,41
568.7056029319763,102.5134578993873,0.974050235748291,0.08835865856822218,relu,5e-05,32,"(150, 100, 50)",0.002,650,adam,"{'nn__activation': 'relu', 'nn__alpha': 5e-05, 'nn__batch_size': 32, 'nn__hidden_layer_sizes': (150, 100, 50), 'nn__learning_rate_init': 0.002, 'nn__max_iter': 650, 'nn__solver': 'adam'}",-1556.6158928466632,-1584.570930380773,-1575.7163721676686,-1625.6239322417448,-1591.4408251583634,-1586.7935905590427,22.661556210439443,43
547.3253328323365,103.87815297902198,0.8317489147186279,0.06523283123262215,relu,5e-05,32,"(150, 100, 50)",0.002,500,adam,"{'nn__activation': 'relu', 'nn__alpha': 5e-05, 'nn__batch_size': 32, 'nn__hidden_layer_sizes': (150, 100, 50), 'nn__learning_rate_init': 0.002, 'nn__max_iter': 500, 'nn__solver': 'adam'}",-1556.6158928466632,-1584.570930380773,-1575.7163721676686,-1625.6239322417448,-1591.4408251583634,-1586.7935905590427,22.661556210439443,43
580.9109861373902,44.38490136466572,0.6524940013885498,0.1645274216966667,relu,0.0002,35,"(160, 120, 60)",0.002,650,adam,"{'nn__activation': 'relu', 'nn__alpha': 0.0002, 'nn__batch_size': 35, 'nn__hidden_layer_sizes': (160, 120, 60), 'nn__learning_rate_init': 0.002, 'nn__max_iter': 650, 'nn__solver': 'adam'}",-1573.2612594986042,-1582.8406407271277,-1590.3377680391102,-1595.0919922783237,-1600.0222175497859,-1588.3107756185902,9.419785357887662,45
665.7585154533386,37.81788386062519,0.7946710586547852,0.0638822569703583,relu,0.0002,35,"(160, 120, 60)",0.002,500,adam,"{'nn__activation': 'relu', 'nn__alpha': 0.0002, 'nn__batch_size': 35, 'nn__hidden_layer_sizes': (160, 120, 60), 'nn__learning_rate_init': 0.002, 'nn__max_iter': 500, 'nn__solver': 'adam'}",-1573.2612594986042,-1582.8406407271277,-1590.3377680391102,-1595.0919922783237,-1600.0222175497859,-1588.3107756185902,9.419785357887662,45
737.174528837204,107.5139243035684,0.7074788570404053,0.04534967629262609,relu,0.0001,35,"(150, 100, 50)",0.001,650,adam,"{'nn__activation': 'relu', 'nn__alpha': 0.0001, 'nn__batch_size': 35, 'nn__hidden_layer_sizes': (150, 100, 50), 'nn__learning_rate_init': 0.001, 'nn__max_iter': 650, 'nn__solver': 'adam'}",-1574.0434704273114,-1581.3118073029834,-1608.332858197137,-1565.5207258891608,-1618.628714524664,-1589.5675152682513,20.41613165677205,47
743.0143142223358,100.35268057083992,0.7055322647094726,0.038090441250394666,relu,0.0001,35,"(150, 100, 50)",0.001,500,adam,"{'nn__activation': 'relu', 'nn__alpha': 0.0001, 'nn__batch_size': 35, 'nn__hidden_layer_sizes': (150, 100, 50), 'nn__learning_rate_init': 0.001, 'nn__max_iter': 500, 'nn__solver': 'adam'}",-1574.0434704273114,-1581.3118073029834,-1608.332858197137,-1565.5207258891608,-1618.628714524664,-1589.5675152682513,20.41613165677205,47
556.2473011016846,63.70102824579445,1.0990792274475099,0.41048612810559176,relu,0.0002,35,"(150, 100, 50)",0.002,650,adam,"{'nn__activation': 'relu', 'nn__alpha': 0.0002, 'nn__batch_size': 35, 'nn__hidden_layer_sizes': (150, 100, 50), 'nn__learning_rate_init': 0.002, 'nn__max_iter': 650, 'nn__solver': 'adam'}",-1580.254334146655,-1572.2242315792173,-1607.2883286161652,-1612.4836202497547,-1576.7120842819545,-1589.7925197747493,16.683578127371703,49
548.5869636535645,63.9837907561574,1.0236655712127685,0.4807111841690208,relu,0.0002,35,"(150, 100, 50)",0.002,500,adam,"{'nn__activation': 'relu', 'nn__alpha': 0.0002, 'nn__batch_size': 35, 'nn__hidden_layer_sizes': (150, 100, 50), 'nn__learning_rate_init': 0.002, 'nn__max_iter': 500, 'nn__solver': 'adam'}",-1580.254334146655,-1572.2242315792173,-1607.2883286161652,-1612.4836202497547,-1576.7120842819545,-1589.7925197747493,16.683578127371703,49
1287.8973921775819,173.0497434506481,0.8762251377105713,0.04153508596557963,relu,0.0002,32,"(150, 100, 50)",0.0005,500,adam,"{'nn__activation': 'relu', 'nn__alpha': 0.0002, 'nn__batch_size': 32, 'nn__hidden_layer_sizes': (150, 100, 50), 'nn__learning_rate_init': 0.0005, 'nn__max_iter': 500, 'nn__solver': 'adam'}",-1598.2509344253785,-1622.7980244481623,-1607.808590689428,-1569.2701635194499,-1553.7005950685914,-1590.3656616302019,25.328397524057625,51
1277.9443147659301,184.59615823655793,0.8648576259613037,0.10393836067945375,relu,0.0002,32,"(150, 100, 50)",0.0005,650,adam,"{'nn__activation': 'relu', 'nn__alpha': 0.0002, 'nn__batch_size': 32, 'nn__hidden_layer_sizes': (150, 100, 50), 'nn__learning_rate_init': 0.0005, 'nn__max_iter': 650, 'nn__solver': 'adam'}",-1598.2509344253785,-1622.7980244481623,-1607.808590689428,-1569.2701635194499,-1553.7005950685914,-1590.3656616302019,25.328397524057625,51
1234.676824951172,361.27648698332354,0.7581986904144287,0.026232347607460883,relu,0.0001,32,"(150, 100, 50)",0.0005,500,adam,"{'nn__activation': 'relu', 'nn__alpha': 0.0001, 'nn__batch_size': 32, 'nn__hidden_layer_sizes': (150, 100, 50), 'nn__learning_rate_init': 0.0005, 'nn__max_iter': 500, 'nn__solver': 'adam'}",-1583.7336930032243,-1573.721431584475,-1594.8564075093132,-1635.5167392198514,-1571.8530862547984,-1591.9362715143322,23.281672524674615,53
1234.452840089798,363.47342559478477,0.8312743663787842,0.08632567436688109,relu,0.0001,32,"(150, 100, 50)",0.0005,650,adam,"{'nn__activation': 'relu', 'nn__alpha': 0.0001, 'nn__batch_size': 32, 'nn__hidden_layer_sizes': (150, 100, 50), 'nn__learning_rate_init': 0.0005, 'nn__max_iter': 650, 'nn__solver': 'adam'}",-1583.7336930032243,-1573.721431584475,-1594.8564075093132,-1635.5167392198514,-1571.8530862547984,-1591.9362715143322,23.281672524674615,53
1370.697979927063,148.33280713781832,1.0945205211639404,0.11070078299522884,relu,5e-05,32,"(150, 100, 50)",0.0005,500,adam,"{'nn__activation': 'relu', 'nn__alpha': 5e-05, 'nn__batch_size': 32, 'nn__hidden_layer_sizes': (150, 100, 50), 'nn__learning_rate_init': 0.0005, 'nn__max_iter': 500, 'nn__solver': 'adam'}",-1625.98160476529,-1595.9187303969088,-1575.8247565542574,-1569.497026449619,-1593.4956133643382,-1592.1435463060827,19.699045972390977,55
1314.4943301677704,137.94751427665392,1.157376194000244,0.10846196427458756,relu,5e-05,32,"(150, 100, 50)",0.0005,650,adam,"{'nn__activation': 'relu', 'nn__alpha': 5e-05, 'nn__batch_size': 32, 'nn__hidden_layer_sizes': (150, 100, 50), 'nn__learning_rate_init': 0.0005, 'nn__max_iter': 650, 'nn__solver': 'adam'}",-1625.98160476529,-1595.9187303969088,-1575.8247565542574,-1569.497026449619,-1593.4956133643382,-1592.1435463060827,19.699045972390977,55
587.2382449626923,121.98199421967921,0.7748853206634522,0.041891777998551455,relu,0.0002,32,"(150, 100, 50)",0.002,500,adam,"{'nn__activation': 'relu', 'nn__alpha': 0.0002, 'nn__batch_size': 32, 'nn__hidden_layer_sizes': (150, 100, 50), 'nn__learning_rate_init': 0.002, 'nn__max_iter': 500, 'nn__solver': 'adam'}",-1644.4823699046942,-1551.45168687326,-1636.3834004862176,-1550.3602847445745,-1578.4891920154255,-1592.2333868048343,40.70524919197249,57
577.3340446949005,117.97009484378935,0.7180469989776611,0.03218347420436711,relu,0.0002,32,"(150, 100, 50)",0.002,650,adam,"{'nn__activation': 'relu', 'nn__alpha': 0.0002, 'nn__batch_size': 32, 'nn__hidden_layer_sizes': (150, 100, 50), 'nn__learning_rate_init': 0.002, 'nn__max_iter': 650, 'nn__solver': 'adam'}",-1644.4823699046942,-1551.45168687326,-1636.3834004862176,-1550.3602847445745,-1578.4891920154255,-1592.2333868048343,40.70524919197249,57
850.6352498531342,141.42809300888737,0.9276954174041748,0.11367251580305236,relu,5e-05,32,"(150, 100, 50)",0.001,650,adam,"{'nn__activation': 'relu', 'nn__alpha': 5e-05, 'nn__batch_size': 32, 'nn__hidden_layer_sizes': (150, 100, 50), 'nn__learning_rate_init': 0.001, 'nn__max_iter': 650, 'nn__solver': 'adam'}",-1607.3408341790096,-1593.5581942389672,-1639.879925718354,-1542.324213758463,-1599.1265201375147,-1596.4459376064617,31.46393386521093,59
849.8042360782623,147.3015211730383,1.1353483200073242,0.21720875669949913,relu,5e-05,32,"(150, 100, 50)",0.001,500,adam,"{'nn__activation': 'relu', 'nn__alpha': 5e-05, 'nn__batch_size': 32, 'nn__hidden_layer_sizes': (150, 100, 50), 'nn__learning_rate_init': 0.001, 'nn__max_iter': 500, 'nn__solver': 'adam'}",-1607.3408341790096,-1593.5581942389672,-1639.879925718354,-1542.324213758463,-1599.1265201375147,-1596.4459376064617,31.46393386521093,59
1116.1083048820497,250.16545280547354,0.9905758380889893,0.3518456550114588,relu,0.0001,35,"(150, 100, 50)",0.0005,500,adam,"{'nn__activation': 'relu', 'nn__alpha': 0.0001, 'nn__batch_size': 35, 'nn__hidden_layer_sizes': (150, 100, 50), 'nn__learning_rate_init': 0.0005, 'nn__max_iter': 500, 'nn__solver': 'adam'}",-1583.8291813319863,-1619.706179080188,-1588.9238304190408,-1641.0445490982293,-1577.9707180549535,-1602.2948915968796,24.150039500607623,61
1090.3512194156647,248.85288514620854,0.9332791328430176,0.3147954097079522,relu,0.0001,35,"(150, 100, 50)",0.0005,650,adam,"{'nn__activation': 'relu', 'nn__alpha': 0.0001, 'nn__batch_size': 35, 'nn__hidden_layer_sizes': (150, 100, 50), 'nn__learning_rate_init': 0.0005, 'nn__max_iter': 650, 'nn__solver': 'adam'}",-1583.8291813319863,-1619.706179080188,-1588.9238304190408,-1641.0445490982293,-1577.9707180549535,-1602.2948915968796,24.150039500607623,61
721.2315732002259,103.66352929854452,0.8885991096496582,0.18591364237410657,relu,0.0001,32,"(150, 100, 50)",0.001,500,adam,"{'nn__activation': 'relu', 'nn__alpha': 0.0001, 'nn__batch_size': 32, 'nn__hidden_layer_sizes': (150, 100, 50), 'nn__learning_rate_init': 0.001, 'nn__max_iter': 500, 'nn__solver': 'adam'}",-1576.2808889786786,-1600.4733440852192,-1616.0832919176557,-1608.8659686562921,-1618.2629061486127,-1603.9932799572919,15.191446792811844,63
722.3888464450836,105.42082927243082,0.802004623413086,0.09600192560183837,relu,0.0001,32,"(150, 100, 50)",0.001,650,adam,"{'nn__activation': 'relu', 'nn__alpha': 0.0001, 'nn__batch_size': 32, 'nn__hidden_layer_sizes': (150, 100, 50), 'nn__learning_rate_init': 0.001, 'nn__max_iter': 650, 'nn__solver': 'adam'}",-1576.2808889786786,-1600.4733440852192,-1616.0832919176557,-1608.8659686562921,-1618.2629061486127,-1603.9932799572919,15.191446792811844,63
816.1084280967713,152.81093541536399,0.8187942504882812,0.11540270570692651,relu,0.0001,35,"(160, 120, 60)",0.001,500,adam,"{'nn__activation': 'relu', 'nn__alpha': 0.0001, 'nn__batch_size': 35, 'nn__hidden_layer_sizes': (160, 120, 60), 'nn__learning_rate_init': 0.001, 'nn__max_iter': 500, 'nn__solver': 'adam'}",-1562.6484896189156,-1634.9344394407785,-1647.6543641918872,-1600.5412071393066,-1591.9751945219857,-1607.5507389825748,30.548685489020425,65
809.9796808242797,147.75388156804027,0.8657313346862793,0.06509152846707231,relu,0.0001,35,"(160, 120, 60)",0.001,650,adam,"{'nn__activation': 'relu', 'nn__alpha': 0.0001, 'nn__batch_size': 35, 'nn__hidden_layer_sizes': (160, 120, 60), 'nn__learning_rate_init': 0.001, 'nn__max_iter': 650, 'nn__solver': 'adam'}",-1562.6484896189156,-1634.9344394407785,-1647.6543641918872,-1600.5412071393066,-1591.9751945219857,-1607.5507389825748,30.548685489020425,65
1051.7484679698944,205.42472666752022,0.8549229145050049,0.10924312703669724,relu,0.0002,35,"(150, 100, 50)",0.0005,500,adam,"{'nn__activation': 'relu', 'nn__alpha': 0.0002, 'nn__batch_size': 35, 'nn__hidden_layer_sizes': (150, 100, 50), 'nn__learning_rate_init': 0.0005, 'nn__max_iter': 500, 'nn__solver': 'adam'}",-1616.1106258719615,-1613.0767396056187,-1598.1580532649343,-1660.4335458864994,-1573.884338640769,-1612.3326606539563,28.311534027995357,67
1038.6991349220275,204.22631914284747,0.7962045192718505,0.09052791567629996,relu,0.0002,35,"(150, 100, 50)",0.0005,650,adam,"{'nn__activation': 'relu', 'nn__alpha': 0.0002, 'nn__batch_size': 35, 'nn__hidden_layer_sizes': (150, 100, 50), 'nn__learning_rate_init': 0.0005, 'nn__max_iter': 650, 'nn__solver': 'adam'}",-1616.1106258719615,-1613.0767396056187,-1598.1580532649343,-1660.4335458864994,-1573.884338640769,-1612.3326606539563,28.311534027995357,67
742.031774520874,130.11661284087103,0.8261638641357422,0.06752283023351272,relu,0.0002,32,"(150, 100, 50)",0.001,650,adam,"{'nn__activation': 'relu', 'nn__alpha': 0.0002, 'nn__batch_size': 32, 'nn__hidden_layer_sizes': (150, 100, 50), 'nn__learning_rate_init': 0.001, 'nn__max_iter': 650, 'nn__solver': 'adam'}",-1598.2638415286006,-1638.4514759083495,-1622.6893840593148,-1597.7947261982754,-1615.4716209841977,-1614.5342097357475,15.390623249011208,69
731.7173520565033,127.52574395601202,0.967723798751831,0.24669795023280303,relu,0.0002,32,"(150, 100, 50)",0.001,500,adam,"{'nn__activation': 'relu', 'nn__alpha': 0.0002, 'nn__batch_size': 32, 'nn__hidden_layer_sizes': (150, 100, 50), 'nn__learning_rate_init': 0.001, 'nn__max_iter': 500, 'nn__solver': 'adam'}",-1598.2638415286006,-1638.4514759083495,-1622.6893840593148,-1597.7947261982754,-1615.4716209841977,-1614.5342097357475,15.390623249011208,69
1013.0660792827606,290.5450361734489,0.8607834815979004,0.114479723038509,relu,5e-05,35,"(150, 100, 50)",0.0005,650,adam,"{'nn__activation': 'relu', 'nn__alpha': 5e-05, 'nn__batch_size': 35, 'nn__hidden_layer_sizes': (150, 100, 50), 'nn__learning_rate_init': 0.0005, 'nn__max_iter': 650, 'nn__solver': 'adam'}",-1612.8665065768414,-1662.3398921637831,-1585.2850408430916,-1644.3945850075008,-1572.9528613603834,-1615.56777719032,33.93814262099536,71
1021.4541294574738,278.7363891374067,0.8260256767272949,0.14710138493164007,relu,5e-05,35,"(150, 100, 50)",0.0005,500,adam,"{'nn__activation': 'relu', 'nn__alpha': 5e-05, 'nn__batch_size': 35, 'nn__hidden_layer_sizes': (150, 100, 50), 'nn__learning_rate_init': 0.0005, 'nn__max_iter': 500, 'nn__solver': 'adam'}",-1612.8665065768414,-1662.3398921637831,-1585.2850408430916,-1644.3945850075008,-1572.9528613603834,-1615.56777719032,33.93814262099536,71
