mean_fit_time,std_fit_time,mean_score_time,std_score_time,param_nn__solver,param_nn__max_iter,param_nn__learning_rate_init,param_nn__hidden_layer_sizes,param_nn__batch_size,param_nn__alpha,param_nn__activation,params,split0_test_score,split1_test_score,split2_test_score,split3_test_score,split4_test_score,mean_test_score,std_test_score,rank_test_score
835.8151350975037,120.793680514114,1.024017858505249,0.17875427249078196,adam,500,0.001,"(150, 100, 50)",32,0.0001,relu,"{'nn__solver': 'adam', 'nn__max_iter': 500, 'nn__learning_rate_init': 0.001, 'nn__hidden_layer_sizes': (150, 100, 50), 'nn__batch_size': 32, 'nn__alpha': 0.0001, 'nn__activation': 'relu'}",-1576.2808889786786,-1600.4733440852192,-1616.0832919176557,-1608.8659686562921,-1618.2629061486127,-1603.9932799572919,15.191446792811844,1
157.25938482284545,53.1790187340585,0.5523476123809814,0.027065032296219496,adam,500,0.1,"(100, 100)",64,0.01,relu,"{'nn__solver': 'adam', 'nn__max_iter': 500, 'nn__learning_rate_init': 0.1, 'nn__hidden_layer_sizes': (100, 100), 'nn__batch_size': 64, 'nn__alpha': 0.01, 'nn__activation': 'relu'}",-1643.8639131612397,-1656.332537983444,-1626.7972166745535,-1612.6432838061717,-1641.4620090675098,-1636.2197921385837,15.067001317332588,2
146.79467935562133,16.64140892992166,0.5046784400939941,0.023861788059178594,adam,1000,0.01,"(100, 50, 25)",128,0.01,relu,"{'nn__solver': 'adam', 'nn__max_iter': 1000, 'nn__learning_rate_init': 0.01, 'nn__hidden_layer_sizes': (100, 50, 25), 'nn__batch_size': 128, 'nn__alpha': 0.01, 'nn__activation': 'relu'}",-1607.6511584570985,-1617.0880545891596,-1633.3343751560753,-1639.8391735845091,-1714.2736661094432,-1642.4372855792571,37.69014959836514,3
127.47453875541687,31.71259995658048,0.47456207275390627,0.021018384859437016,adam,1000,0.01,"(50, 25)",256,0.0001,relu,"{'nn__solver': 'adam', 'nn__max_iter': 1000, 'nn__learning_rate_init': 0.01, 'nn__hidden_layer_sizes': (50, 25), 'nn__batch_size': 256, 'nn__alpha': 0.0001, 'nn__activation': 'relu'}",-1699.0857041900267,-1712.7584761397848,-1702.4240414236517,-1673.6859341513289,-1654.8642323317154,-1688.5636776473016,21.190615218915106,4
176.3462809085846,38.678894895360195,0.625649881362915,0.020588930260486738,adam,500,0.1,"(150,)",128,0.001,tanh,"{'nn__solver': 'adam', 'nn__max_iter': 500, 'nn__learning_rate_init': 0.1, 'nn__hidden_layer_sizes': (150,), 'nn__batch_size': 128, 'nn__alpha': 0.001, 'nn__activation': 'tanh'}",-1695.1861930605905,-1692.7943073078793,-1706.4587383359021,-1713.6366512643945,-1719.7251361151139,-1705.560205216776,10.36600103721779,5
701.4511531829834,124.88733212401083,1.0398551940917968,0.418307341132056,adam,500,0.001,"(150,)",64,0.0001,relu,"{'nn__solver': 'adam', 'nn__max_iter': 500, 'nn__learning_rate_init': 0.001, 'nn__hidden_layer_sizes': (150,), 'nn__batch_size': 64, 'nn__alpha': 0.0001, 'nn__activation': 'relu'}",-1964.1710427619528,-1957.413632197616,-1921.5966884479194,-1891.0829181297543,-1874.667254153243,-1921.7863071380968,35.295074191267936,6
127.44530992507934,10.447772638786528,0.7160124778747559,0.026022552921566303,adam,500,0.1,"(100, 100)",64,0.01,tanh,"{'nn__solver': 'adam', 'nn__max_iter': 500, 'nn__learning_rate_init': 0.1, 'nn__hidden_layer_sizes': (100, 100), 'nn__batch_size': 64, 'nn__alpha': 0.01, 'nn__activation': 'tanh'}",-2276.2385851366844,-2175.211796102651,-2187.713101393838,-2238.2084166579366,-2213.1415725571496,-2218.102694369652,36.254078692015625,7
189.65224394798278,62.57227226197797,0.7069653034210205,0.04943340709463402,adam,1000,0.1,"(100, 100)",256,0.1,tanh,"{'nn__solver': 'adam', 'nn__max_iter': 1000, 'nn__learning_rate_init': 0.1, 'nn__hidden_layer_sizes': (100, 100), 'nn__batch_size': 256, 'nn__alpha': 0.1, 'nn__activation': 'tanh'}",-1997.7532236245715,-2017.5722505139,-2008.4403602366833,-2007.5067291403743,-7037.172820891566,-3013.689076881419,2011.7516609780987,8
25.66491003036499,8.981264932038826,0.5194258689880371,0.06832807437817202,sgd,1000,0.001,"(50,)",128,0.0001,tanh,"{'nn__solver': 'sgd', 'nn__max_iter': 1000, 'nn__learning_rate_init': 0.001, 'nn__hidden_layer_sizes': (50,), 'nn__batch_size': 128, 'nn__alpha': 0.0001, 'nn__activation': 'tanh'}",-3312.551470551499,-3608.949841899814,-3275.568266814266,-3303.4594288423314,-3463.249433468236,-3392.7556883152297,126.37144488438804,9
39.731415605545045,4.275247996923029,0.772721529006958,0.1674190297813693,sgd,1000,0.001,"(100,)",64,0.1,tanh,"{'nn__solver': 'sgd', 'nn__max_iter': 1000, 'nn__learning_rate_init': 0.001, 'nn__hidden_layer_sizes': (100,), 'nn__batch_size': 64, 'nn__alpha': 0.1, 'nn__activation': 'tanh'}",-3522.9016586535517,-3375.287427323974,-3297.068425676542,-3284.817553733476,-3605.527941747883,-3417.120601427085,126.77033859835177,10
56.127124881744386,13.3265838351347,0.6237965106964112,0.021840591890804277,sgd,1000,0.01,"(150,)",32,0.01,tanh,"{'nn__solver': 'sgd', 'nn__max_iter': 1000, 'nn__learning_rate_init': 0.01, 'nn__hidden_layer_sizes': (150,), 'nn__batch_size': 32, 'nn__alpha': 0.01, 'nn__activation': 'tanh'}",-3417.3960826621055,-3615.9699030769157,-3401.695713851502,-3445.262096724091,-3379.0378402668084,-3451.8723273162846,84.83263052270316,11
31.39967622756958,4.518624632003382,0.5543638706207276,0.024730532308083773,sgd,500,0.01,"(100,)",64,0.1,tanh,"{'nn__solver': 'sgd', 'nn__max_iter': 500, 'nn__learning_rate_init': 0.01, 'nn__hidden_layer_sizes': (100,), 'nn__batch_size': 64, 'nn__alpha': 0.1, 'nn__activation': 'tanh'}",-3397.0180763748776,-3470.902643770889,-3328.0454979887572,-3524.9167324847945,-3569.6679188363437,-3458.1101738911325,86.85730632541993,12
23.205818033218385,3.3838928373859423,0.4644460201263428,0.034165860080707,sgd,1000,0.01,"(50,)",64,0.01,tanh,"{'nn__solver': 'sgd', 'nn__max_iter': 1000, 'nn__learning_rate_init': 0.01, 'nn__hidden_layer_sizes': (50,), 'nn__batch_size': 64, 'nn__alpha': 0.01, 'nn__activation': 'tanh'}",-3472.329028862421,-3602.626064351107,-3571.478355200757,-3577.6973406880147,-3757.1024254373797,-3596.246642907936,91.90038035898873,13
182.5731152534485,43.37767523700803,0.7435476779937744,0.17167901729657142,adam,1000,0.1,"(100, 50, 25)",128,0.1,tanh,"{'nn__solver': 'adam', 'nn__max_iter': 1000, 'nn__learning_rate_init': 0.1, 'nn__hidden_layer_sizes': (100, 50, 25), 'nn__batch_size': 128, 'nn__alpha': 0.1, 'nn__activation': 'tanh'}",-7056.507973117445,-3008.8074044073032,-3027.4475007192277,-2934.501086861786,-2861.545260319139,-3777.7618450849795,1640.4255701400136,14
147.0041886806488,73.68033239257984,0.6643939018249512,0.03600219771141946,adam,500,0.1,"(100, 50)",128,0.001,tanh,"{'nn__solver': 'adam', 'nn__max_iter': 500, 'nn__learning_rate_init': 0.1, 'nn__hidden_layer_sizes': (100, 50), 'nn__batch_size': 128, 'nn__alpha': 0.001, 'nn__activation': 'tanh'}",-2242.0944457153805,-2245.725431116258,-6966.223830660126,-6993.938829169692,-2225.826994803796,-4134.761906293051,2323.219779643382,15
88.48754320144653,18.40006039699828,0.9355687618255615,0.10881210152559254,sgd,1000,0.01,"(100, 100)",128,0.1,tanh,"{'nn__solver': 'sgd', 'nn__max_iter': 1000, 'nn__learning_rate_init': 0.01, 'nn__hidden_layer_sizes': (100, 100), 'nn__batch_size': 128, 'nn__alpha': 0.1, 'nn__activation': 'tanh'}",-3954.2880435177726,-3706.319564546337,-4565.8543362229175,-5458.189472461036,-5012.737103162907,-4539.477703982195,648.8915045222054,16
42.138186883926394,12.252875539575683,0.7795557498931884,0.2299946720848823,sgd,1000,0.01,"(100, 100)",256,0.001,tanh,"{'nn__solver': 'sgd', 'nn__max_iter': 1000, 'nn__learning_rate_init': 0.01, 'nn__hidden_layer_sizes': (100, 100), 'nn__batch_size': 256, 'nn__alpha': 0.001, 'nn__activation': 'tanh'}",-5241.620472101951,-3730.3796306814343,-5178.350650182045,-4644.226918867933,-5565.854025075691,-4872.086339381812,642.9744985979737,17
32.53921785354614,10.083778134359054,0.5199406623840332,0.018626456611266388,sgd,500,0.01,"(50, 25)",128,0.01,tanh,"{'nn__solver': 'sgd', 'nn__max_iter': 500, 'nn__learning_rate_init': 0.01, 'nn__hidden_layer_sizes': (50, 25), 'nn__batch_size': 128, 'nn__alpha': 0.01, 'nn__activation': 'tanh'}",-4409.713151638635,-4241.929301276154,-6975.729583075994,-4716.404563034873,-4699.37155700222,-5008.629631205576,999.7048177323829,18
119.60640773773193,48.17268221769101,0.7225725650787354,0.039385608540542495,adam,500,0.1,"(100, 100)",256,0.01,tanh,"{'nn__solver': 'adam', 'nn__max_iter': 500, 'nn__learning_rate_init': 0.1, 'nn__hidden_layer_sizes': (100, 100), 'nn__batch_size': 256, 'nn__alpha': 0.01, 'nn__activation': 'tanh'}",-2023.8961162030037,-7058.609964756151,-6974.379530485319,-6991.008976063162,-2037.0769060016532,-5016.9942987018585,2438.6401873714494,19
154.99515056610107,46.496719266034134,0.8978335857391357,0.027798405135083835,sgd,500,0.01,"(150, 100, 50)",64,0.001,tanh,"{'nn__solver': 'sgd', 'nn__max_iter': 500, 'nn__learning_rate_init': 0.01, 'nn__hidden_layer_sizes': (150, 100, 50), 'nn__batch_size': 64, 'nn__alpha': 0.001, 'nn__activation': 'tanh'}",-6936.395569589025,-7079.233600787677,-7000.465882168601,-5362.834203016368,-4836.23526176593,-6243.032903465521,949.4753780027036,20
3356.802928352356,62.642631697661706,0.7768867492675782,0.2242295731643166,adam,1000,0.001,"(150, 100, 50)",128,0.1,tanh,"{'nn__solver': 'adam', 'nn__max_iter': 1000, 'nn__learning_rate_init': 0.001, 'nn__hidden_layer_sizes': (150, 100, 50), 'nn__batch_size': 128, 'nn__alpha': 0.1, 'nn__activation': 'tanh'}",-7013.351359762375,-6996.544620499262,-6914.251226984064,-6922.768226857628,-7000.638851004703,-6969.510857021606,42.09576283730564,21
2757.778974914551,16.213322656999104,1.2355783939361573,0.08704492491126128,adam,500,0.001,"(150, 100, 50)",128,0.0001,tanh,"{'nn__solver': 'adam', 'nn__max_iter': 500, 'nn__learning_rate_init': 0.001, 'nn__hidden_layer_sizes': (150, 100, 50), 'nn__batch_size': 128, 'nn__alpha': 0.0001, 'nn__activation': 'tanh'}",-7661.932668596032,-7588.706728086288,-7474.145503671988,-7487.052229152664,-7561.721444759664,-7554.711714853327,68.94903994829613,22
2177.6261047840117,66.05512797859205,0.9435869693756104,0.06329403447674044,adam,1000,0.001,"(100, 50, 25)",256,0.1,tanh,"{'nn__solver': 'adam', 'nn__max_iter': 1000, 'nn__learning_rate_init': 0.001, 'nn__hidden_layer_sizes': (100, 50, 25), 'nn__batch_size': 256, 'nn__alpha': 0.1, 'nn__activation': 'tanh'}",-11520.778755875377,-11446.746674855052,-11339.028904709356,-11344.745294973161,-11367.852385668375,-11403.830403216263,70.00489344691663,23
5.787838745117187,0.3737359841592171,0.0,0.0,sgd,500,0.1,"(100,)",64,0.001,relu,"{'nn__solver': 'sgd', 'nn__max_iter': 500, 'nn__learning_rate_init': 0.1, 'nn__hidden_layer_sizes': (100,), 'nn__batch_size': 64, 'nn__alpha': 0.001, 'nn__activation': 'relu'}",,,,,,,,24
5.059406709671021,0.05710927825372609,0.0,0.0,sgd,1000,0.001,"(50,)",128,0.001,relu,"{'nn__solver': 'sgd', 'nn__max_iter': 1000, 'nn__learning_rate_init': 0.001, 'nn__hidden_layer_sizes': (50,), 'nn__batch_size': 128, 'nn__alpha': 0.001, 'nn__activation': 'relu'}",,,,,,,,24
5.49215407371521,0.3741568516141619,0.0,0.0,sgd,1000,0.1,"(100,)",256,0.0001,relu,"{'nn__solver': 'sgd', 'nn__max_iter': 1000, 'nn__learning_rate_init': 0.1, 'nn__hidden_layer_sizes': (100,), 'nn__batch_size': 256, 'nn__alpha': 0.0001, 'nn__activation': 'relu'}",,,,,,,,24
11.001480102539062,0.7473619586560987,0.0,0.0,sgd,1000,0.01,"(150, 100, 50)",64,0.001,relu,"{'nn__solver': 'sgd', 'nn__max_iter': 1000, 'nn__learning_rate_init': 0.01, 'nn__hidden_layer_sizes': (150, 100, 50), 'nn__batch_size': 64, 'nn__alpha': 0.001, 'nn__activation': 'relu'}",,,,,,,,24
30.24545211791992,18.46217424906795,0.3216958999633789,0.26488010279343926,sgd,500,0.1,"(50, 25)",32,0.1,relu,"{'nn__solver': 'sgd', 'nn__max_iter': 500, 'nn__learning_rate_init': 0.1, 'nn__hidden_layer_sizes': (50, 25), 'nn__batch_size': 32, 'nn__alpha': 0.1, 'nn__activation': 'relu'}",-7125.785722169754,-7056.283376586584,,,-7013.429230067659,,,24
5.879483890533447,0.028706020647704666,0.0,0.0,sgd,500,0.1,"(150,)",64,0.1,relu,"{'nn__solver': 'sgd', 'nn__max_iter': 500, 'nn__learning_rate_init': 0.1, 'nn__hidden_layer_sizes': (150,), 'nn__batch_size': 64, 'nn__alpha': 0.1, 'nn__activation': 'relu'}",,,,,,,,24
9.920945119857787,0.31632736743596557,0.0,0.0,sgd,500,0.1,"(150, 100, 50)",32,0.001,relu,"{'nn__solver': 'sgd', 'nn__max_iter': 500, 'nn__learning_rate_init': 0.1, 'nn__hidden_layer_sizes': (150, 100, 50), 'nn__batch_size': 32, 'nn__alpha': 0.001, 'nn__activation': 'relu'}",,,,,,,,24
